day,hari,tanggal,time_aedt,time_wita,hari_wita,tanggal_wita,end_time_wita,end_tanggal_wita,sport,competition,home,away,title,channels,event_url
"hot","Rabu","07/10/26","7:30PM","4:30PM","Rabu","07/10/26","","","Basketball","NBL","Adelaide","Melbourne United","Basketball | NBL","[AU] ESPN","https://ausportguide.com/event/live-basketball-au-nbl-adelaide-melbourneunited/1643982"
"hot","Jumat","09/10/26","2:30PM","11:30AM","Jumat","09/10/26","","","Cricket","One Day International Women","Australia W","Bangladesh W","Cricket | One Day International Women","[AU] 7TWO Sydney","https://ausportguide.com/event/live-cricket-one-day-international-women-australiaw-bangladeshw/1581415"
"hot","Sabtu","10/10/26","4:00PM","1:00PM","Sabtu","10/10/26","","","Rugby Union","Friendly International","New Zealand","Australia","Rugby Union | Friendly International","[AU] 9Gem | [AU] Stan Sport | [AU] Channel 9 Brisbane","https://ausportguide.com/event/live-rugby-union-friendly-international-newzealand-australia/1574475"
"hot","Minggu","11/10/26","9:00PM","6:00PM","Minggu","11/10/26","","","Basketball","NBA","Houston Rockets","Dallas Mavericks","Basketball | NBA","[AU] ESPN | [AU] NBA League Pass","https://ausportguide.com/event/live-basketball-nba-houstonrockets-dallasmavericks/1664954"
"wed","Rabu","07/10/26","6:00AM","3:00AM","Rabu","07/10/26","5:00AM","07/10/26","Soccer","Africa Cup of Nations","Angola","Malawi","Angola Vs Malawi | Afcon Qualifiers","[AU] beIN Sports Connect","https://ausportguide.com/event/live-football-africa-cup-of-nations-angola-malawi/1606048"
"wed","Rabu","07/10/26","5:45AM","2:45AM","Rabu","07/10/26","4:45AM","07/10/26","Soccer","UEFA Nations League A","Croatia","Spain","Croatia Vs Spain | Uefa Nations League","[AU] beIN Sports Connect | [AU] beIN SPORTS 2","https://ausportguide.com/event/live-football-uefa-nations-league-b-croatia-spain/1615273"
"wed","Rabu","07/10/26","5:45AM","2:45AM","Rabu","07/10/26","4:45AM","07/10/26","Soccer","UEFA Nations League A","England","Czech Republic","England Vs Czechia | Uefa Nations League","[AU] beIN Sports Connect | [AU] beIN SPORTS 3","https://ausportguide.com/event/live-football-uefa-nations-league-b-england-czechrepublic/1615277"
"wed","Rabu","07/10/26","5:45AM","2:45AM","Rabu","07/10/26","4:45AM","07/10/26","Soccer","UEFA Nations League B","Scotland","Slovenia","Scotland Vs Slovenia | Uefa Nations League","[AU] beIN Sports Connect | [AU] beIN SPORTS 1","https://ausportguide.com/event/live-football-uefa-nations-league-a-scotland-slovenia/1615462"
"wed","Rabu","07/10/26","5:45AM","2:45AM","Rabu","07/10/26","4:45AM","07/10/26","Soccer","UEFA Nations League B","Switzerland","FYR Macedonia","Switzerland Vs North Macedonia | Uefa Nations League","[AU] beIN Sports Connect","https://ausportguide.com/event/live-football-uefa-nations-league-a-switzerland-north-macedonia-u16/1615466"
"wed","Rabu","07/10/26","1:00AM","10:00PM","Selasa","06/10/26","12:00AM","07/10/26","Soccer","UEFA Nations League C","Kazakhstan","Faroe Islands","Kazakhstan Vs Faroe Islands | Uefa Nations League","[AU] beIN Sports Connect | [AU] beIN SPORTS 3","https://ausportguide.com/event/live-football-uefa-nations-league-a-kazakhstan-faroeislands/1615453"
"wed","Rabu","07/10/26","5:45AM","2:45AM","Rabu","07/10/26","4:45AM","07/10/26","Soccer","UEFA Nations League C","Albania","San Marino","Albania Vs San Marino | Uefa Nations League","[AU] beIN Sports Connect","https://ausportguide.com/event/live-football-uefa-nations-league-a-albania-sanmarino/1615455"
"wed","Rabu","07/10/26","5:45AM","2:45AM","Rabu","07/10/26","4:45AM","07/10/26","Soccer","UEFA Nations League C","Belarus","Finland","Belarus Vs Finland | Uefa Nations League","[AU] beIN Sports Connect","https://ausportguide.com/event/live-football-uefa-nations-league-a-belarus-finland/1615456"
"wed","Rabu","07/10/26","5:45AM","2:45AM","Rabu","07/10/26","4:45AM","07/10/26","Soccer","UEFA Nations League C","Estonia","Iceland","Estonia Vs Iceland | Uefa Nations League","[AU] beIN Sports Connect","https://ausportguide.com/event/live-football-uefa-nations-league-a-estonia-iceland/1615459"
"wed","Rabu","07/10/26","5:45AM","2:45AM","Rabu","07/10/26","4:45AM","07/10/26","Soccer","UEFA Nations League C","Moldova","Slovakia","Moldova Vs Slovakia | Uefa Nations League","[AU] beIN Sports Connect","https://ausportguide.com/event/live-football-uefa-nations-league-a-moldova-slovakia/1615461"
"wed","Rabu","07/10/26","5:45AM","2:45AM","Rabu","07/10/26","4:45AM","07/10/26","Soccer","UEFA Nations League C","Luxembourg","Bulgaria","Luxembourg Vs Bulgaria | Uefa Nations League","[AU] beIN Sports Connect","https://ausportguide.com/event/live-football-uefa-nations-league-a-luxembourg-bulgaria/1615460"
"wed","Rabu","07/10/26","10:00AM","7:00AM","Rabu","07/10/26","9:00AM","07/10/26","Soccer","Friendly International","Argentina","Benin","Argentina Vs Benin | International Friendly","[AU] beIN Sports Connect | [AU] beIN SPORTS 3","https://ausportguide.com/event/live-football-friendly-international-argentina-benin/1668275"
"wed","Rabu","07/10/26","10:30AM","7:30AM","Rabu","07/10/26","9:30AM","07/10/26","Cricket","Sheffield Shield","Victorian Bushrangers","South Australia","Vic V Sa Day 3 | Victoria And South Australia Get The 26/27 Sheffield Shield Season Started As They Clash At Junction Oval.","[AU] Kayo Sports","https://ausportguide.com/event/live-cricket-sheffield-shield-victorianbushrangers-southernredbacks/1671705"
"wed","Rabu","07/10/26","12:30AM","9:30PM","Selasa","06/10/26","11:30PM","06/10/26","Cricket","Twenty20 International","India","West Indies","T20: India V West Indies | India V West Indies","[AU] Fox Cricket | [AU] Kayo Sports","https://ausportguide.com/event/live-cricket-twenty20-international-india-westindies/1579486"
"wed","Rabu","07/10/26","10:00AM","7:00AM","Rabu","07/10/26","9:00AM","07/10/26","Basketball","NBA","Charlotte Hornets","Brooklyn Nets","Charlotte Hornets - Brooklyn Nets, Nba","[AU] NBA League Pass","https://ausportguide.com/event/live-basketball-nba-charlottehornets-brooklynnets/1664930"
"wed","Rabu","07/10/26","11:00AM","8:00AM","Rabu","07/10/26","10:00AM","07/10/26","Basketball","NBA","Oklahoma City Thunder","New Orleans Pelicans","Oklahoma City Thunder - New Orleans Pelicans, Nba","[AU] NBA League Pass","https://ausportguide.com/event/live-basketball-nba-oklahomacitythunder-neworleanspelicans/1664931"
"wed","Rabu","07/10/26","12:00PM","9:00AM","Rabu","07/10/26","11:00AM","07/10/26","Basketball","NBA","Utah Jazz","Denver Nuggets","Utah Jazz - Denver Nuggets, Nba","[AU] NBA League Pass","https://ausportguide.com/event/live-basketball-nba-utahjazz-denvernuggets/1664932"
"wed","Rabu","07/10/26","1:00PM","10:00AM","Rabu","07/10/26","12:00PM","07/10/26","Basketball","NBA","Golden State Warriors","Los Angeles Lakers","Golden State Warriors - Los Angeles Lakers, Nba","[AU] NBA League Pass","https://ausportguide.com/event/live-basketball-nba-goldenstatewarriors-losangeleslakers/1664933"
"wed","Rabu","07/10/26","11:00AM","8:00AM","Rabu","07/10/26","10:00AM","07/10/26","MMA","Dana White Contender Series","Salhahuddin Everett","Ozzy Martin","Dana White's Contender Series: Season 10, Week 9","[AU] UFC Fight Pass","https://ausportguide.com/event/live-mma-dana-white-contender-series/1670229"
"wed","Rabu","07/10/26","9:00AM","6:00AM","Rabu","07/10/26","8:00AM","07/10/26","Baseball","MLB","Los Angeles Dodgers","Atlanta Braves","2026 Mlb Playoffs: Braves Vs. Dod | Braves Vs. Dodgers","[AU] ESPN","https://ausportguide.com/event/live-baseball-mlb-losangelesdodgers-atlantabraves/1669280"
"wed","Rabu","07/10/26","12:30PM","9:30AM","Rabu","07/10/26","11:30AM","07/10/26","Baseball","MLB","Milwaukee Brewers","San Diego Padres","Mlb: Padres Vs. Brewers | Padres Vs. Brewers","[AU] ESPN","https://ausportguide.com/event/live-baseball-mlb-milwaukeebrewers-sandiegopadres/1669281"
"wed","Rabu","07/10/26","10:30AM","7:30AM","Rabu","07/10/26","9:30AM","07/10/26","Ice Hockey","NHL","New York Rangers","New York Islanders","Nhl | Rangers Vs. Islanders","[AU] ESPN2 | [AU] Kayo Sports","https://ausportguide.com/event/live-ice-hockey-nhl-newyorkrangers-newyorkislanders/1658365"
"wed","Rabu","07/10/26","1:00PM","10:00AM","Rabu","07/10/26","12:00PM","07/10/26","Ice Hockey","NHL","Los Angeles Kings","Florida Panthers","Nhl | Kings Vs. Panthers","[AU] ESPN2 | [AU] Kayo Sports","https://ausportguide.com/event/live-ice-hockey-nhl-losangeleskings-floridapanthers/1658368"
"thu","Kamis","08/10/26","10:30AM","7:30AM","Kamis","08/10/26","9:30AM","08/10/26","Cricket","Sheffield Shield","New South Wales","Tasmanian Tigers","Nsw V Tas Day 4 | New South Wales And Tasmania Look To Get Their Seasons Off To A Good Start In This Clash At Cricket Central.","[AU] Kayo Sports","https://ausportguide.com/event/live-cricket-sheffield-shield-newsouthwales-tasmaniantigers/1671706"
"thu","Kamis","08/10/26","1:30PM","10:30AM","Kamis","08/10/26","12:30PM","08/10/26","Cricket","Sheffield Shield","Western Australia","Queensland Bulls","Wa V Qld Day 2 | Western Australia And Queensland Clash At The Waca With Test Hopefuls Hoping To Make An Impression.","[AU] Kayo Sports","https://ausportguide.com/event/live-cricket-sheffield-shield-westernwarriors-queenslandbulls/1671707"
"thu","Kamis","08/10/26","10:00AM","7:00AM","Kamis","08/10/26","9:00AM","08/10/26","Basketball","NBA","Indiana Pacers","Minnesota Timberwolves","Indiana Pacers - Minnesota Timberwolves, Nba","[AU] NBA League Pass","https://ausportguide.com/event/live-basketball-nba-indianapacers-minnesotatimberwolves/1664934"
"thu","Kamis","08/10/26","11:00AM","8:00AM","Kamis","08/10/26","10:00AM","08/10/26","Basketball","NBA","Chicago Bulls","Phoenix Suns","Chicago Bulls - Phoenix Suns, Nba","[AU] NBA League Pass","https://ausportguide.com/event/live-basketball-nba-chicagobulls-phoenixsuns/1664935"
"thu","Kamis","08/10/26","11:00AM","8:00AM","Kamis","08/10/26","10:00AM","08/10/26","Basketball","NBA","Memphis Grizzlies","Orlando Magic","Memphis Grizzlies - Orlando Magic, Nba","[AU] NBA League Pass","https://ausportguide.com/event/live-basketball-nba-memphisgrizzlies-orlandomagic/1664936"
"thu","Kamis","08/10/26","11:00AM","8:00AM","Kamis","08/10/26","10:00AM","08/10/26","Basketball","NBA","Oklahoma City Thunder","Milwaukee Bucks","Oklahoma City Thunder - Milwaukee Bucks, Nba","[AU] NBA League Pass","https://ausportguide.com/event/live-basketball-nba-oklahomacitythunder-milwaukeebucks/1664937"
"thu","Kamis","08/10/26","1:00PM","10:00AM","Kamis","08/10/26","12:00PM","08/10/26","Basketball","NBA","Portland Trail Blazers","Golden State Warriors","Portland Trail Blazers - Golden State Warriors, Nba","[AU] NBA League Pass","https://ausportguide.com/event/live-basketball-nba-portlandtrailblazers-goldenstatewarriors/1664938"
"thu","Kamis","08/10/26","7:30PM","4:30PM","Kamis","08/10/26","6:30PM","08/10/26","Basketball","NBL","Cairns","Brisbane Bullets","Nbl | Brisbane Bullets Vs. Cairns Taipans","[AU] ESPN | [AU] Kayo Sports","https://ausportguide.com/event/live-basketball-au-nbl-cairns-brisbanebullets/1643983"
"thu","Kamis","08/10/26","7:25AM","4:25AM","Kamis","08/10/26","6:25AM","08/10/26","Motorsport","Supercars","Supercars: 2025 Bathurst 1000 Rec","","Bathurst 1000 Supports (KAYO)","[AU] Fox Sports 506",""
"thu","Kamis","08/10/26","1:15PM","10:15AM","Kamis","08/10/26","12:15PM","08/10/26","Motorsport","Supercars","Supercars: 2025 Bathurst 1000 Rec","","Bathurst 1000 Practice and Supports (KAYO)","[AU] Fox Sports 506 | [AU] Kayo Sports",""
"thu","Kamis","08/10/26","11:00PM","8:00PM","Kamis","08/10/26","10:00PM","08/10/26","Golf","Open de España","Spanish Open Round 1","","First round action of the Spanish Open from Club de Campo Villa de Madrid.","[AU] Kayo Sports","https://ausportguide.com/league/golf/spain/open-de-españa"
"thu","Kamis","08/10/26","7:00AM","4:00AM","Kamis","08/10/26","6:00AM","08/10/26","Baseball","MLB","Cleveland Guardians","Chicago White Sox","Mlb: White Sox Vs. Cleveland Guar | White Sox Vs. Cleveland Guardians","[AU] ESPN2","https://ausportguide.com/event/live-baseball-mlb-clevelandindians-chicagowhitesox/1668998"
"thu","Kamis","08/10/26","9:00AM","6:00AM","Kamis","08/10/26","8:00AM","08/10/26","Baseball","MLB","Los Angeles Dodgers","Atlanta Braves","2026 Mlb Playoffs: Braves Vs. Dod | Braves Vs. Dodgers","[AU] ESPN","https://ausportguide.com/event/live-baseball-mlb-losangelesdodgers-atlantabraves/1670902"
"thu","Kamis","08/10/26","11:00AM","8:00AM","Kamis","08/10/26","10:00AM","08/10/26","Baseball","MLB","Tampa Bay Rays","New York Yankees","Mlb: Yankees Vs. Rays | Yankees Vs. Rays","[AU] ESPN2","https://ausportguide.com/event/live-baseball-mlb-tampabayrays-newyorkyankees/1668999"
"thu","Kamis","08/10/26","1:00PM","10:00AM","Kamis","08/10/26","12:00PM","08/10/26","Baseball","MLB","MLB: Padres vs. Brewers","","Padres vs. Brewers","[AU] ESPN","https://ausportguide.com/league/baseball/usa/mlb"
"fri","Jumat","09/10/26","7:15PM","4:15PM","Jumat","09/10/26","6:15PM","09/10/26","Aussie Rules","AFL Women","Western Bulldogs W","Essendon Bombers W","Western Bulldogs Vs Essendon Bombers | Afl Women's Premiership","[AU] 7Mate Sydney | [AU] 7Mate Melbourne | [AU] Fox Footy","https://ausportguide.com/event/live-aussie-rules-afl-women-westernbulldogsw-essendon-bombers-w/1620364"
"fri","Jumat","09/10/26","9:00PM","6:00PM","Jumat","09/10/26","8:00PM","09/10/26","Soccer","J-League","Kashima","G-Osaka","Kashima Antlers V Gamba Osaka - J.league 2026","[AU] Stan Sport","https://ausportguide.com/event/live-football-j-league-kashima-g-osaka/1607150"
"fri","Jumat","09/10/26","4:00PM","1:00PM","Jumat","09/10/26","3:00PM","09/10/26","Soccer","K League 1","Daejeon","Jeonbuk","Daejeon V Jeonbuk - K League 2026","[AU] Stan Sport","https://ausportguide.com/event/live-football-k-league-1-daejeon-jeonbuk/1589756"
"fri","Jumat","09/10/26","6:30PM","3:30PM","Jumat","09/10/26","5:30PM","09/10/26","Soccer","K League 1","Incheon","Pohang","Incheon V Pohang - K League 2026","[AU] Stan Sport","https://ausportguide.com/event/live-football-k-league-1-incheon-pohang/1589758"
"fri","Jumat","09/10/26","6:30PM","3:30PM","Jumat","09/10/26","5:30PM","09/10/26","Cricket","Test Series","South Africa","Australia","Test Matches 2026-27: South Afric | South Africa V Australia 1st Test Day 1 Session 1","[AU] Fox Cricket | [AU] Kayo Sports","https://ausportguide.com/event/live-cricket-test-series-southafrica-australia/1587778"
"fri","Jumat","09/10/26","2:50PM","11:50AM","Jumat","09/10/26","1:50PM","09/10/26","Cricket","One Day International Women","Australia W","Bangladesh W","Australia Vs Bangladesh | Women's One-day International Cricket","[AU] 7TWO Sydney | [AU] 7TWO Melbourne | [AU] Fox Sports 505","https://ausportguide.com/event/live-cricket-one-day-international-women-australiaw-bangladeshw/1581415"
"fri","Jumat","09/10/26","10:00AM","7:00AM","Jumat","09/10/26","9:00AM","09/10/26","Basketball","NBA","Cleveland Cavaliers","Boston Celtics","Cleveland Cavaliers - Boston Celtics, Nba","[AU] NBA League Pass","https://ausportguide.com/event/live-basketball-nba-clevelandcavaliers-bostonceltics/1664939"
"fri","Jumat","09/10/26","10:30AM","7:30AM","Jumat","09/10/26","9:30AM","09/10/26","Basketball","NBA","Brooklyn Nets","Philadelphia 76ers","Brooklyn Nets - Philadelphia 76ers, Nba","[AU] NBA League Pass","https://ausportguide.com/event/live-basketball-nba-brooklynnets-philadelphia76ers/1664940"
"fri","Jumat","09/10/26","10:30AM","7:30AM","Jumat","09/10/26","9:30AM","09/10/26","Basketball","NBA","Miami Heat","New Orleans Pelicans","Miami Heat - New Orleans Pelicans, Nba","[AU] NBA League Pass","https://ausportguide.com/event/live-basketball-nba-miamiheat-neworleanspelicans/1664941"
"fri","Jumat","09/10/26","10:30AM","7:30AM","Jumat","09/10/26","9:30AM","09/10/26","Basketball","NBA","New York Knicks","Washington Wizards","New York Knicks - Washington Wizards, Nba","[AU] NBA League Pass","https://ausportguide.com/event/live-basketball-nba-newyorkknicks-washingtonwizards/1664942"
"fri","Jumat","09/10/26","11:00AM","8:00AM","Jumat","09/10/26","10:00AM","09/10/26","Basketball","NBA","San Antonio Spurs","Atlanta Hawks","San Antonio Spurs - Atlanta Hawks, Nba","[AU] NBA League Pass","https://ausportguide.com/event/live-basketball-nba-sanantoniospurs-atlantahawks/1664943"
"fri","Jumat","09/10/26","1:30PM","10:30AM","Jumat","09/10/26","12:30PM","09/10/26","Basketball","NBA","Los Angeles Lakers","Sacramento Kings","Los Angeles Lakers - Sacramento Kings, Nba","[AU] NBA League Pass | [AU] ESPN2","https://ausportguide.com/event/live-basketball-nba-losangeleslakers-sacramentokings/1664944"
"fri","Jumat","09/10/26","11:00PM","8:00PM","Jumat","09/10/26","10:00PM","09/10/26","Basketball","NBA","Dallas Mavericks","Houston Rockets","Dallas Mavericks - Houston Rockets, Nba","[AU] NBA League Pass | [AU] ESPN2","https://ausportguide.com/event/live-basketball-nba-dallasmavericks-houstonrockets/1664945"
"fri","Jumat","09/10/26","7:30PM","4:30PM","Jumat","09/10/26","6:30PM","09/10/26","Basketball","NBL","Illawarra Hawks","Tasmania JackJumpers","Nbl | Jjumpers Vs. Hawks","[AU] ESPN | [AU] Kayo Sports","https://ausportguide.com/event/live-basketball-au-nbl-illawarrahawks-tasmania-jackjumpers/1643984"
"fri","Jumat","09/10/26","7:00PM","4:00PM","Jumat","09/10/26","6:00PM","09/10/26","Motorsport","Formula 1","F1: Singapore Practice 1 (KAYO)","","Singapore Practice 1 (KAYO)","[AU] Fox Sports 506",""
"fri","Jumat","09/10/26","11:00PM","8:00PM","Jumat","09/10/26","10:00PM","09/10/26","Motorsport","Formula 1","F1: Singapore Sprint Qualifying(K","","Singapore Sprint Qualifying(KAYO)","[AU] Fox Sports 506",""
"fri","Jumat","09/10/26","1:35PM","10:35AM","Jumat","09/10/26","12:35PM","09/10/26","Motorsport","Moto GP","MotoGP: Indonesia Practice 1 (KAY","","Indonesia Practice 1 (KAYO)","[AU] Fox Sports More",""
"fri","Jumat","09/10/26","5:50PM","2:50PM","Jumat","09/10/26","4:50PM","09/10/26","Motorsport","Moto GP","MotoGP: Indonesia Practice 2 (KAY","","Indonesia Practice 2 (KAYO)","[AU] Fox Sports More",""
"fri","Jumat","09/10/26","7:30AM","4:30AM","Jumat","09/10/26","6:30AM","09/10/26","Motorsport","Supercars","Supercars: 2025 Bathurst 1000 Rec","","Bathurst 1000","[AU] Fox Sports 506 | [AU] Youtube",""
"fri","Jumat","09/10/26","9:50AM","6:50AM","Jumat","09/10/26","8:50AM","09/10/26","Motorsport","Supercars","Bathurst 1000 - Day 1 Practice","","Supercars Championship","[AU] Channel 7 Sydney | [AU] Channel 7 Melbourne | [AU] Fox Sports 506",""
"fri","Jumat","09/10/26","12:00PM","9:00AM","Jumat","09/10/26","11:00AM","09/10/26","Motorsport","Supercars","Bathurst 1000 - Day 1 Practice, Supports & Qualifying","","Supercars Championship","[AU] Channel 7 Sydney | [AU] Channel 7 Melbourne | [AU] Channel 7 Brisbane",""
"fri","Jumat","09/10/26","4:00PM","1:00PM","Jumat","09/10/26","3:00PM","09/10/26","Motorsport","Supercars","Supercars: 2025 Bathurst 1000 Rec","","Bathurst 1000 Qualifying (KAYO)","[AU] Fox Sports 506 | [AU] Kayo Sports",""
"fri","Jumat","09/10/26","12:40PM","9:40AM","Jumat","09/10/26","11:40AM","09/10/26","Motorsport","Moto 2","Moto2: Indonesia Practice 1 (KAYO)","","Indonesia Practice 1 (KAYO)","[AU] Fox Sports More | [AU] Kayo Sports","https://ausportguide.com/motorsport/moto-2"
"fri","Jumat","09/10/26","4:55PM","1:55PM","Jumat","09/10/26","3:55PM","09/10/26","Motorsport","Moto 2","Moto2: Indonesia Practice 2 (KAYO)","","Indonesia Practice 2 (KAYO)","[AU] Fox Sports More | [AU] Kayo Sports","https://ausportguide.com/motorsport/moto-2"
"fri","Jumat","09/10/26","12:00PM","9:00AM","Jumat","09/10/26","11:00AM","09/10/26","Motorsport","Moto 3","Moto3: Indonesia Practice 1 (KAYO)","","Indonesia Practice 1 (KAYO)","[AU] Fox Sports More | [AU] Kayo Sports","https://ausportguide.com/motorsport/moto-3"
"fri","Jumat","09/10/26","4:15PM","1:15PM","Jumat","09/10/26","3:15PM","09/10/26","Motorsport","Moto 3","Moto3: Indonesia Practice 2 (KAYO)","","Indonesia Practice 2 (KAYO)","[AU] Fox Sports More | [AU] Kayo Sports","https://ausportguide.com/motorsport/moto-3"
"fri","Jumat","09/10/26","11:00PM","8:00PM","Jumat","09/10/26","10:00PM","09/10/26","Golf","Open de España","Spanish Open Round 2","","Second round action of the Spanish Open from Club de Campo Villa de Madrid.","[AU] Kayo Sports","https://ausportguide.com/league/golf/spain/open-de-españa"
"fri","Jumat","09/10/26","8:00AM","5:00AM","Jumat","09/10/26","7:00AM","09/10/26","Baseball","MLB","MLB: White Sox vs. Cleveland Guar","","White Sox vs. Cleveland Guardians","[AU] ESPN2","https://ausportguide.com/league/baseball/usa/mlb"
"fri","Jumat","09/10/26","11:00AM","8:00AM","Jumat","09/10/26","10:00AM","09/10/26","Baseball","MLB","MLB: Yankees vs. Rays","","Yankees vs. Rays","[AU] ESPN2","https://ausportguide.com/league/baseball/usa/mlb"
"fri","Jumat","09/10/26","11:15AM","8:15AM","Jumat","09/10/26","10:15AM","09/10/26","American Football","NFL","Dallas Cowboys","Tampa Bay Buccaneers","Dallas Cowboys Vs Tampa Bay Buccaneers | Nfl","[AU] 7Mate Sydney | [AU] 7Mate Melbourne | [AU] ESPN","https://ausportguide.com/event/live-am-football-nfl-dallascowboys-tampabaybuccaneers/1629109"
"fri","Jumat","09/10/26","10:00AM","7:00AM","Jumat","09/10/26","9:00AM","09/10/26","Boxing","Quebec City (Eye of the Tiger)","Osleys Iglesias","Oliver Zaren","Iglesias Vs. Zaren | Cuban Super Middleweight Star Osleys Iglesias (15-0) Returns To Make A First Defence Of His Ibf World Championship, As He Faces Oliver Zaren (19-0-1). With Big Unification Opportunities On The Horizon, Can Iglesias Retain The Throne In Quebec? - Eye Of The Tiger","[AU] DAZN","https://ausportguide.com/event/live-boxing-super-middle-weight-osleysiglesias-oliver-zaren/1670219"
"sat","Sabtu","10/10/26","1:05PM","10:05AM","Sabtu","10/10/26","12:05PM","10/10/26","Aussie Rules","AFL Women","St Kilda W","Collingwood Magpies W","St Kilda V Collingwood | Watch Australian Rules Football Action As Collingwood Magpies Women Takes On St Kilda Saints Women","[AU] Kayo Sports","https://ausportguide.com/event/live-aussie-rules-afl-women-stkildaw-collingwoodmagpiesw/1620365"
"sat","Sabtu","10/10/26","3:05PM","12:05PM","Sabtu","10/10/26","2:05PM","10/10/26","Aussie Rules","AFL Women","Port Adelaide W","West Coast Eagles W","Port Adelaide V West Coast | Watch Australian Rules Football Action As Port Adelaide Power Women Takes On West Coast Eagles Women","[AU] Kayo Sports | [AU] 7mate Adelaide | [AU] 7mate Perth","https://ausportguide.com/event/live-aussie-rules-afl-women-port-adelaide-w-westcoasteaglesw/1620366"
"sat","Sabtu","10/10/26","5:05PM","2:05PM","Sabtu","10/10/26","4:05PM","10/10/26","Aussie Rules","AFL Women","Geelong Cats W","Greater Western Sydney W","Geelong Cats Vs Gws Giants | Afl Women's Premiership","[AU] 7Mate Sydney | [AU] Kayo Sports","https://ausportguide.com/event/live-aussie-rules-afl-women-geelongcatsw-greaterwesternsydneyw/1620367"
"sat","Sabtu","10/10/26","7:15PM","4:15PM","Sabtu","10/10/26","6:15PM","10/10/26","Aussie Rules","AFL Women","Richmond W","Adelaide Crows W","Richmond Tigers Vs Adelaide Crows | Afl Women's Premiership","[AU] 7Mate Sydney | [AU] 7Mate Melbourne | [AU] Kayo Sports","https://ausportguide.com/event/live-aussie-rules-afl-women-richmondw-adelaidecrowsw/1620368"
"sat","Sabtu","10/10/26","8:15PM","5:15PM","Sabtu","10/10/26","7:15PM","10/10/26","Aussie Rules","AFL Women","Gold Coast Suns W","Melbourne Demons W","Gold Coast V Melbourne | Watch Australian Rules Football Action As Melbourne Demons Women Takes On Gold Coast Suns Women","[AU] Kayo Sports | [AU] 7Mate Brisbane","https://ausportguide.com/event/live-aussie-rules-afl-women-goldcoastsunsw-melbournedemonsw/1620369"
"sat","Sabtu","10/10/26","6:00AM","3:00AM","Sabtu","10/10/26","5:00AM","10/10/26","Soccer","La Liga","Malaga","Espanyol","Malaga Vs Espanyol | Laliga","[AU] beIN Sports Connect | [AU] beIN SPORTS 2","https://ausportguide.com/event/live-football-la-liga-malaga-espanyol/1604524"
"sat","Sabtu","10/10/26","11:00PM","8:00PM","Sabtu","10/10/26","10:00PM","10/10/26","Soccer","La Liga","Rayo Vallecano","Athletic Bilbao","Rayo Vallecano Vs Athletic Bilbao | Laliga","[AU] beIN Sports Connect","https://ausportguide.com/event/live-football-la-liga-rayovallecano-athbilbao/1604530"
"sat","Sabtu","10/10/26","5:30AM","2:30AM","Sabtu","10/10/26","4:30AM","10/10/26","Soccer","Bundesliga","Dortmund","Werder Bremen","Dortmund Vs Werder Bremen | Bundesliga","[AU] beIN Sports Connect | [AU] beIN SPORTS 1","https://ausportguide.com/event/live-football-bundesliga-dortmund-werderbremen/1604394"
"sat","Sabtu","10/10/26","4:00PM","1:00PM","Sabtu","10/10/26","3:00PM","10/10/26","Soccer","J-League","Cerezo Osaka","Yokohama Marines","Cerezo Osaka V Yokohama F. Marinos - J.league 2026","[AU] Stan Sport","https://ausportguide.com/event/live-football-j-league-cerezo-osaka-yokohamam/1607147"
"sat","Sabtu","10/10/26","7:35PM","4:35PM","Sabtu","10/10/26","6:35PM","10/10/26","Soccer","FFA Cup","South Melbourne","Melbourne Victory","Australia Cup","[AU] Channel 10 Sydney | [AU] Channel 10 Melbourne | [AU] Paramount Australia","https://ausportguide.com/event/live-football-ffa-cup-southmelbourne-melbournevictory/1661975"
"sat","Sabtu","10/10/26","4:00AM","1:00AM","Sabtu","10/10/26","3:00AM","10/10/26","Soccer","Super Lig","Galatasaray","Kasimpasa","Galatasaray Vs Kasimpasa | Super Lig","[AU] beIN Sports Connect","https://ausportguide.com/event/live-football-super-lig-galatasaray-kasimpasa/1626886"
"sat","Sabtu","10/10/26","4:00PM","1:00PM","Sabtu","10/10/26","3:00PM","10/10/26","Soccer","K League 1","Seoul","Jeju Utd","Seoul V Jeju - K League 2026","[AU] Stan Sport","https://ausportguide.com/event/live-football-k-league-1-seoul-jejuutd/1591000"
"sat","Sabtu","10/10/26","10:30PM","7:30PM","Sabtu","10/10/26","9:30PM","10/10/26","Soccer","Premier League","Arsenal","Leeds United","Arsenal V Leeds United - Premier League Matchweek 6 2026/2027","[AU] Stan Sport","https://ausportguide.com/event/live-football-premier-league-arsenal-leeds/1603599"
"sat","Sabtu","10/10/26","3:30AM","12:30AM","Sabtu","10/10/26","2:30AM","10/10/26","Soccer","2. Bundesliga","Heidenheim","Kaiserslautern","Heidenheim 1846 Vs Kaiserslautern | Bundesliga 2","[AU] beIN Sports Connect | [AU] beIN SPORTS 2","https://ausportguide.com/event/live-football-2-bundesliga-heidenheim-kaiserslautern/1605664"
"sat","Sabtu","10/10/26","3:30AM","12:30AM","Sabtu","10/10/26","2:30AM","10/10/26","Soccer","2. Bundesliga","Braunschweig","Holstein Kiel","Braunschweig Vs Holstein Kiel | Bundesliga 2","[AU] beIN Sports Connect | [AU] beIN SPORTS 3","https://ausportguide.com/event/live-football-2-bundesliga-braunschweig-holsteinkiel/1605660"
"sat","Sabtu","10/10/26","10:00PM","7:00PM","Sabtu","10/10/26","9:00PM","10/10/26","Soccer","2. Bundesliga","Darmstadt","Energie Cottbus","Darmstadt Vs Energie Cottbus | Bundesliga 2","[AU] beIN Sports Connect","https://ausportguide.com/event/live-football-2-bundesliga-darmstadt-energiecottbus/1605662"
"sat","Sabtu","10/10/26","10:00PM","7:00PM","Sabtu","10/10/26","9:00PM","10/10/26","Soccer","2. Bundesliga","VfL Osnabruck","SG Dynamo Dresden","Osnabruck Vs Dynamo Dresden | Bundesliga 2","[AU] beIN Sports Connect","https://ausportguide.com/event/live-football-2-bundesliga-vflosnabruck-sgdynamodresden/1605674"
"sat","Sabtu","10/10/26","10:00PM","7:00PM","Sabtu","10/10/26","9:00PM","10/10/26","Soccer","2. Bundesliga","Magdeburg","Hannover","Magdeburg Vs Hannover | Bundesliga 2","[AU] beIN Sports Connect","https://ausportguide.com/event/live-football-2-bundesliga-magdeburg-hannover/1605668"
"sat","Sabtu","10/10/26","6:00AM","3:00AM","Sabtu","10/10/26","5:00AM","10/10/26","Soccer","Championship","West Ham United","QPR","West Ham Vs Qpr | Efl Championship","[AU] beIN Sports Connect | [AU] beIN SPORTS 3","https://ausportguide.com/event/live-football-championship-westham-qpr/1605263"
"sat","Sabtu","10/10/26","10:30PM","7:30PM","Sabtu","10/10/26","9:30PM","10/10/26","Soccer","Championship","West Brom","Birmingham","West Brom Vs Birmingham | Efl Championship","[AU] beIN Sports Connect | [AU] beIN SPORTS 3","https://ausportguide.com/event/live-football-championship-westbrom-birmingham/1605260"
"sat","Sabtu","10/10/26","5:45AM","2:45AM","Sabtu","10/10/26","4:45AM","10/10/26","Soccer","National League","Sutton","Boreham Wood","Sutton Vs. Boreham Wood | Watch All The Action From The National League On Dazn. - Enterprise National League","[AU] DAZN","https://ausportguide.com/event/live-football-national-league-sutton-borehamwood/1635319"
"sat","Sabtu","10/10/26","10:30PM","7:30PM","Sabtu","10/10/26","9:30PM","10/10/26","Soccer","National League","Altrincham","Aldershot","Altrincham Vs. Aldershot | Watch All The Action From The National League On Dazn. - Enterprise National League","[AU] DAZN","https://ausportguide.com/event/live-football-national-league-altrincham-aldershot/1635320"
"sat","Sabtu","10/10/26","10:30PM","7:30PM","Sabtu","10/10/26","9:30PM","10/10/26","Soccer","National League","Carlisle","Kidderminster","Carlisle Vs. Kidderminster | Watch Soccer Action As Kidderminster Harriers Takes On Carlisle United - Enterprise National League","[AU] DAZN","https://ausportguide.com/event/live-football-national-league-carlisle-kidderminster/1635321"
"sat","Sabtu","10/10/26","5:30AM","2:30AM","Sabtu","10/10/26","4:30AM","10/10/26","Soccer","Friendly International Women","Germany W","Australia W","Germany Vs Australia | Women's Friendly","[AU] Paramount Australia","https://ausportguide.com/event/live-football-friendly-international-women-germanyw-australiaw/1671660"
"sat","Sabtu","10/10/26","12:30AM","9:30PM","Jumat","09/10/26","11:30PM","09/10/26","Cricket","Twenty20 International","India","West Indies","India V West Indies G2 | T20. Game Two Of The Three-game Series Comes From Ranchi.","[AU] Kayo Sports","https://ausportguide.com/event/live-cricket-twenty20-international-india-westindies/1579487"
"sat","Sabtu","10/10/26","2:00AM","11:00PM","Jumat","09/10/26","1:00AM","10/10/26","Cricket","Twenty20 International","Pakistan","Sri Lanka","Pakistan V Sri Lanka | Sri Lankas Tour Of Pakistan Begins In Rawalpindi With The First T20i.","[AU] Kayo Sports","https://ausportguide.com/event/live-cricket-twenty20-international-pakistan-srilanka/1631351"
"sat","Sabtu","10/10/26","11:00AM","8:00AM","Sabtu","10/10/26","10:00AM","10/10/26","Basketball","NBA","Chicago Bulls","Memphis Grizzlies","Chicago Bulls - Memphis Grizzlies, Nba","[AU] NBA League Pass","https://ausportguide.com/event/live-basketball-nba-chicagobulls-memphisgrizzlies/1664946"
"sat","Sabtu","10/10/26","5:30AM","2:30AM","Sabtu","10/10/26","4:30AM","10/10/26","Basketball","SLB","Manchester Basketball","Cheshire Phoenix","Manchester Basketball Vs. Cheshire Phoenix | Watch The Latest Super League Basketball Action Between Manchester Basketball And Cheshire Phoenix. - Super League Basketball","[AU] DAZN","https://ausportguide.com/event/live-basketball-bbl-manchester-basketball-cheshirephoenix/1656936"
"sat","Sabtu","10/10/26","5:30AM","2:30AM","Sabtu","10/10/26","4:30AM","10/10/26","Basketball","SLB","Leicester Riders","Bristol Flyers","Leicester Riders Vs. Bristol Flyers | Watch The Latest Super League Basketball Action Between Leicester Riders And Bristol Flyers. - Super League Basketball","[AU] DAZN","https://ausportguide.com/event/live-basketball-bbl-leicesterriders-bristolflyers/1656935"
"sat","Sabtu","10/10/26","5:00AM","2:00AM","Sabtu","10/10/26","4:00AM","10/10/26","Basketball","LNB","Dijon","Limoges","Dijon Vs. Limoges | Watch Basketball Action As Limoges Takes On Dijon - Betclic élite","[AU] DAZN","https://ausportguide.com/event/live-basketball-lnb-dijon-limoges/1653783"
"sat","Sabtu","10/10/26","7:30PM","4:30PM","Sabtu","10/10/26","6:30PM","10/10/26","Basketball","NBL","South East Melbourne","Melbourne United","South East Melbourne Phoenix Vs Melbourne United | Nbl","[AU] Channel 9 Sydney | [AU] Channel 9 Melbourne | [AU] ESPN","https://ausportguide.com/event/live-basketball-au-nbl-southeastmelbourne-melbourneunited/1643985"
"sat","Sabtu","10/10/26","9:30PM","6:30PM","Sabtu","10/10/26","8:30PM","10/10/26","Basketball","NBL","Perth","New Zealand Breakers","Perth Wildcats Vs Bnz Breakers | Nbl","[AU] Channel 9 Sydney | [AU] Channel 9 Melbourne | [AU] ESPN","https://ausportguide.com/event/live-basketball-au-nbl-perth-newzealandbreakers/1643986"
"sat","Sabtu","10/10/26","10:30AM","7:30AM","Sabtu","10/10/26","9:30AM","10/10/26","Basketball","WNBA","New York Liberty W","Atlanta Dream W","Wnba: Liberty Vs. Dream | Liberty Vs. Dream","[AU] ESPN2","https://ausportguide.com/event/live-basketball-wnba-newyorklibertyw-atlantadreamw/1669384"
"sat","Sabtu","10/10/26","5:45AM","2:45AM","Sabtu","10/10/26","4:45AM","10/10/26","Rugby Union","Aviva Premiership Rugby","Leicester Tigers","Gloucester","Leicester V Gloucester - Prem Rugby Round 3 2026/27","[AU] Stan Sport","https://ausportguide.com/event/live-rugby-union-aviva-premiership-rugby-leicestertigers-gloucester/1646421"
"sat","Sabtu","10/10/26","7:50PM","4:50PM","Sabtu","10/10/26","6:50PM","10/10/26","Motorsport","Porsche Carrera Cup GER","Hockenheimring - Race 1","","Watch the Porsche Carrera Cup Germany on DAZN, as the latest event heads to the Hockenheimring where the top competitors face off for another action-packed weekend of racing. - Porsche Carrera Cup Germany","[AU] DAZN","https://ausportguide.com/motorsport/porsche-carrera-cup-ger"
"sat","Sabtu","10/10/26","8:36PM","5:36PM","Sabtu","10/10/26","7:36PM","10/10/26","Motorsport","GT4 Germany","Hockenheimring Race 1","","GT4 Germany","[AU] beIN Sports Connect","https://ausportguide.com/motorsport/gt4-germany"
"sat","Sabtu","10/10/26","10:00AM","7:00AM","Sabtu","10/10/26","9:00AM","10/10/26","Motorsport","Supercars","Bathurst 1000 - Day 2 Practice","","Supercars Championship","[AU] Channel 7 Sydney | [AU] Channel 7 Melbourne | [AU] 7mate Perth",""
"sat","Sabtu","10/10/26","1:00PM","10:00AM","Sabtu","10/10/26","12:00PM","10/10/26","Motorsport","Supercars","Bathurst 1000 - Day 2 Practice and Supports","","Supercars Championship","[AU] Channel 7 Sydney | [AU] Channel 7 Melbourne | [AU] Channel 7 Brisbane",""
"sat","Sabtu","10/10/26","4:30PM","1:30PM","Sabtu","10/10/26","3:30PM","10/10/26","Motorsport","Supercars","Bathurst 1000 - Day 2 Top 10 Shootout","","Supercars Championship","[AU] Channel 7 Sydney | [AU] Channel 7 Melbourne | [AU] Channel 7 Brisbane",""
"sat","Sabtu","10/10/26","12:15PM","9:15AM","Sabtu","10/10/26","11:15AM","10/10/26","Motorsport","Moto 2","Moto2 Indonesia Practice 3","","The greatest up and coming talent in two wheel motorsport come from around the world to battle it out for glory and the potential to move up to the big stage.","[AU] Kayo Sports","https://ausportguide.com/motorsport/moto-2"
"sat","Sabtu","10/10/26","11:35AM","8:35AM","Sabtu","10/10/26","10:35AM","10/10/26","Motorsport","Moto 3","Moto3 Indonesia Practice 3","","The greatest up and coming talent in two wheel motorsport come from around the world to battle it out for glory and the potential to move up to the big stage.","[AU] Kayo Sports","https://ausportguide.com/motorsport/moto-3"
"sat","Sabtu","10/10/26","10:45PM","7:45PM","Sabtu","10/10/26","9:45PM","10/10/26","Motorsport","Italian Formula 4","Euro 4 Monza Race 1","","Formula 4","[AU] beIN Sports Connect | [AU] DAZN","https://ausportguide.com/motorsport/formula-4"
"sat","Sabtu","10/10/26","6:30PM","3:30PM","Sabtu","10/10/26","5:30PM","10/10/26","Motorsport","DTM","Hockenheimring Qualifying Race 1","","DTM","[AU] beIN Sports Connect","https://ausportguide.com/motorsport/dtm"
"sat","Sabtu","10/10/26","10:25PM","7:25PM","Sabtu","10/10/26","9:25PM","10/10/26","Motorsport","DTM","Hockenheimring Race 1","","DTM","[AU] beIN Sports Connect","https://ausportguide.com/motorsport/dtm"
"sat","Sabtu","10/10/26","10:30PM","7:30PM","Sabtu","10/10/26","9:30PM","10/10/26","Golf","Open de España","Spanish Open Round 3","","Third round action of the Spanish Open from Club de Campo Villa de Madrid.","[AU] Kayo Sports","https://ausportguide.com/league/golf/spain/open-de-españa"
"sat","Sabtu","10/10/26","12:30AM","9:30PM","Jumat","09/10/26","11:30PM","09/10/26","MMA","ONE Championship","ONE Friday Fights: 174","","ONE Championship returns to Lumpinee Stadium in Bangkok with another explosive lineup as ONE Friday Fights 174 goes down.","[AU] Kayo Sports","https://ausportguide.com/league/mma/philippines/one-championship"
"sat","Sabtu","10/10/26","11:10PM","8:10PM","Sabtu","10/10/26","10:10PM","10/10/26","MMA","Rajadamnern World Series","RWS: World Championship Superfight Night","","The Rajadamnern Stadium plays host to the latest RWS event. - RWS Muay Thai","[AU] DAZN","https://ausportguide.com/league/mma/asia/rajadamnern-world-series"
"sat","Sabtu","10/10/26","7:35PM","4:35PM","Sabtu","10/10/26","6:35PM","10/10/26","Cycling","Tour of Lombardy","Il Lombardia","","Jay Vine, Harry Sweeny, Lucas Hamilton, Jai Hindley, Ben O'connor","[AU] SBS Viceland","https://ausportguide.com/cycling/tour-of-lombardy"
"sat","Sabtu","10/10/26","7:30AM","4:30AM","Sabtu","10/10/26","6:30AM","10/10/26","Baseball","MLB","MLB: Brewers vs. Padres","","Brewers vs. Padres","[AU] ESPN","https://ausportguide.com/league/baseball/usa/mlb"
"sat","Sabtu","10/10/26","11:00AM","8:00AM","Sabtu","10/10/26","10:00AM","10/10/26","Baseball","MLB","2026 MLB Playoffs: Dodgers vs. Br","","Dodgers vs. Braves","[AU] ESPN","https://ausportguide.com/league/baseball/usa/mlb"
"sat","Sabtu","10/10/26","12:00PM","9:00AM","Sabtu","10/10/26","11:00AM","10/10/26","American Football","NCAA FBS","Iowa","Washington Huskies","Iowa @ Washington | Watch American Football Action As Iowa Takes On Washington - Ncaa Football","[AU] DAZN","https://ausportguide.com/event/live-am-football-ncaa-iowa-washingtonhuskies/1666676"
"sun","Minggu","11/10/26","12:35PM","9:35AM","Minggu","11/10/26","11:35AM","11/10/26","Aussie Rules","AFL Women","North Melbourne Kangaroos W","Fremantle Dockers W","North Melbourne V Fremantle | Watch Australian Rules Football Action As North Melbourne Kangaroos Women Takes On Fremantle Dockers Women","[AU] Kayo Sports | [AU] 7mate Perth","https://ausportguide.com/event/live-aussie-rules-afl-women-northmelbournekangaroosw-fremantledockersw/1620370"
"sun","Minggu","11/10/26","1:05PM","10:05AM","Minggu","11/10/26","12:05PM","11/10/26","Aussie Rules","AFL Women","Hawthorn Hawks W","Brisbane Lions W","Hawthorn Hawks Vs Brisbane Lions | Afl Women's Premiership","[AU] 7Mate Melbourne | [AU] Kayo Sports | [AU] 7Mate Brisbane","https://ausportguide.com/event/live-aussie-rules-afl-women-hawthorn-hawks-w-brisbanelionsw/1620371"
"sun","Minggu","11/10/26","3:05PM","12:05PM","Minggu","11/10/26","2:05PM","11/10/26","Aussie Rules","AFL Women","Sydney Swans W","Carlton Blues W","Sydney Swans Vs Carlton Blues | Afl Women's Premiership","[AU] 7Mate Sydney | [AU] 7Mate Melbourne | [AU] Kayo Sports","https://ausportguide.com/event/live-aussie-rules-afl-women-sydney-swans-w-carltonbluesw/1620372"
"sun","Minggu","11/10/26","1:15AM","10:15PM","Sabtu","10/10/26","12:15AM","11/10/26","Soccer","La Liga","Alaves","Atletico Madrid","Alaves Vs Atletico Madrid | Laliga","[AU] beIN Sports Connect","https://ausportguide.com/event/live-football-la-liga-alaves-atlmadrid/1604504"
"sun","Minggu","11/10/26","3:30AM","12:30AM","Minggu","11/10/26","2:30AM","11/10/26","Soccer","La Liga","Barcelona","Getafe","Barcelona Vs Getafe | Laliga","[AU] beIN Sports Connect | [AU] beIN SPORTS 3","https://ausportguide.com/event/live-football-la-liga-barcelona-getafe/1604508"
"sun","Minggu","11/10/26","6:00AM","3:00AM","Minggu","11/10/26","5:00AM","11/10/26","Soccer","La Liga","Real Madrid","Villarreal","Real Madrid Vs Villarreal | Laliga","[AU] beIN Sports Connect | [AU] beIN SPORTS 3","https://ausportguide.com/event/live-football-la-liga-realmadrid-villarreal/1604533"
"sun","Minggu","11/10/26","11:00PM","8:00PM","Minggu","11/10/26","10:00PM","11/10/26","Soccer","La Liga","Elche","Celta Vigo","Elche Vs Celta Vigo | Laliga","[AU] beIN Sports Connect","https://ausportguide.com/event/live-football-la-liga-elche-celtavigo/1604516"
"sun","Minggu","11/10/26","12:00AM","9:00PM","Sabtu","10/10/26","11:00PM","10/10/26","Soccer","Serie A","Genoa","Fiorentina","Genoa Vs Fiorentina | Serie A","[AU] beIN Sports Connect | [AU] beIN SPORTS 2","https://ausportguide.com/event/live-football-serie-a-genoa-fiorentina/1604381"
"sun","Minggu","11/10/26","3:00AM","12:00AM","Minggu","11/10/26","2:00AM","11/10/26","Soccer","Serie A","Inter","Parma","Inter Vs Parma | Serie A","[AU] beIN Sports Connect | [AU] beIN SPORTS 2","https://ausportguide.com/event/live-football-serie-a-inter-parma/1604385"
"sun","Minggu","11/10/26","5:45AM","2:45AM","Minggu","11/10/26","4:45AM","11/10/26","Soccer","Serie A","Napoli","Frosinone","Napoli Vs Frosinone | Serie A","[AU] beIN Sports Connect | [AU] beIN SPORTS 2","https://ausportguide.com/event/live-football-serie-a-napoli-frosinone/1604393"
"sun","Minggu","11/10/26","9:30PM","6:30PM","Minggu","11/10/26","8:30PM","11/10/26","Soccer","Serie A","Como","AS Roma","Como 1907 Vs Roma | Serie A","[AU] beIN Sports Connect | [AU] beIN SPORTS 2","https://ausportguide.com/event/live-football-serie-a-como-asroma/1604378"
"sun","Minggu","11/10/26","12:30AM","9:30PM","Sabtu","10/10/26","11:30PM","10/10/26","Soccer","Bundesliga","Mainz","Bayer Leverkusen","Mainz Vs Leverkusen | Bundesliga","[AU] beIN Sports Connect","https://ausportguide.com/event/live-football-bundesliga-mainz-bayerleverkusen/1604401"
"sun","Minggu","11/10/26","12:30AM","9:30PM","Sabtu","10/10/26","11:30PM","10/10/26","Soccer","Bundesliga","Paderborn","VfB Stuttgart","Paderborn Vs Stuttgart | Bundesliga","[AU] beIN Sports Connect","https://ausportguide.com/event/live-football-bundesliga-paderborn-vfbstuttgart/1604403"
"sun","Minggu","11/10/26","12:30AM","9:30PM","Sabtu","10/10/26","11:30PM","10/10/26","Soccer","Bundesliga","Hoffenheim","Hamburger SV","Hoffenheim Vs Hamburg | Bundesliga","[AU] beIN Sports Connect","https://ausportguide.com/event/live-football-bundesliga-hoffenheim-hamburgersv/1604400"
"sun","Minggu","11/10/26","12:30AM","9:30PM","Sabtu","10/10/26","11:30PM","10/10/26","Soccer","Bundesliga","Union Berlin","Elversberg","Fc Union Vs Elversberg | Bundesliga","[AU] beIN Sports Connect","https://ausportguide.com/event/live-football-bundesliga-unionberlin-elversberg/1604407"
"sun","Minggu","11/10/26","12:30AM","9:30PM","Sabtu","10/10/26","11:30PM","10/10/26","Soccer","Bundesliga","Augsburg","Bayern Munich","Augsburg Vs Bayern | Bundesliga","[AU] beIN Sports Connect","https://ausportguide.com/event/live-football-bundesliga-augsburg-bayernmunich/1604392"
"sun","Minggu","11/10/26","3:30AM","12:30AM","Minggu","11/10/26","2:30AM","11/10/26","Soccer","Bundesliga","RB Leipzig","Eintracht Frankfurt","Leipzig Vs Frankfurt | Bundesliga","[AU] beIN Sports Connect | [AU] beIN SPORTS 1","https://ausportguide.com/event/live-football-bundesliga-rbleipzig-eintrachtfrankfurt/1604405"
"sun","Minggu","11/10/26","4:00PM","1:00PM","Minggu","11/10/26","3:00PM","11/10/26","Soccer","J-League","Chiba","V-Varen Nagasaki","Chiba V Nagasaki - J.league 2026","[AU] Stan Sport","https://ausportguide.com/event/live-football-j-league-chiba-v-varennagasaki/1607152"
"sun","Minggu","11/10/26","6:00PM","3:00PM","Minggu","11/10/26","5:00PM","11/10/26","Soccer","J-League","Kawasaki Frontale","Nagoya","Kawasaki Frontale V Nagoya Grampus - J.league 2026","[AU] Stan Sport","https://ausportguide.com/event/live-football-j-league-kawasakifrontale-nagoya/1607155"
"sun","Minggu","11/10/26","12:00AM","9:00PM","Sabtu","10/10/26","11:00PM","10/10/26","Soccer","Super Lig","Samsunspor","Trabzonspor","Samsunspor Vs Trabzonspor | Super Lig","[AU] beIN Sports Connect","https://ausportguide.com/event/live-football-super-lig-samsunspor-trabzonspor/1626891"
"sun","Minggu","11/10/26","3:00AM","12:00AM","Minggu","11/10/26","2:00AM","11/10/26","Soccer","Super Lig","Rizespor","Fenerbahce","Rizespor Vs Fenerbahce | Super Lig","[AU] beIN Sports Connect","https://ausportguide.com/event/live-football-super-lig-rizespor-fenerbahce/1626890"
"sun","Minggu","11/10/26","4:00PM","1:00PM","Minggu","11/10/26","3:00PM","11/10/26","Soccer","K League 1","Gwangju FC","Ulsan Hyundai","Gwangju V Ulsan - K League 2026","[AU] Stan Sport","https://ausportguide.com/event/live-football-k-league-1-gwangjufc-ulsanhyundai/1591002"
"sun","Minggu","11/10/26","1:00AM","10:00PM","Sabtu","10/10/26","12:00AM","11/10/26","Soccer","Premier League","Chelsea","Bournemouth","Chelsea V Bournemouth - Premier League Matchweek 6 2026/2027","[AU] Stan Sport","https://ausportguide.com/event/live-football-premier-league-chelsea-bournemouth/1603601"
"sun","Minggu","11/10/26","1:00AM","10:00PM","Sabtu","10/10/26","12:00AM","11/10/26","Soccer","Premier League","Sunderland","Brighton & Hove Albion","Sunderland V Brighton & Hove Albion - Premier League Matchweek 6 2026/2027","[AU] Stan Sport","https://ausportguide.com/event/live-football-premier-league-sunderland-brighton/1603608"
"sun","Minggu","11/10/26","1:00AM","10:00PM","Sabtu","10/10/26","12:00AM","11/10/26","Soccer","Premier League","Aston Villa","Brentford","Aston Villa V Brentford - Premier League Matchweek 6 2026/2027","[AU] Stan Sport","https://ausportguide.com/event/live-football-premier-league-astonvilla-brentford/1603600"
"sun","Minggu","11/10/26","1:00AM","10:00PM","Sabtu","10/10/26","12:00AM","11/10/26","Soccer","Premier League","Ipswich","Fulham","Ipswich Town V Fulham - Premier League Matchweek 6 2026/2027","[AU] Stan Sport","https://ausportguide.com/event/live-football-premier-league-ipswich-fulham/1603605"
"sun","Minggu","11/10/26","3:30AM","12:30AM","Minggu","11/10/26","2:30AM","11/10/26","Soccer","Premier League","Manchester United","Tottenham","Manchester United V Tottenham Hotspur - Premier League Matchweek 6 2026/2027","[AU] Stan Sport","https://ausportguide.com/event/live-football-premier-league-manchesterunited-tottenham/1603607"
"sun","Minggu","11/10/26","10:00PM","7:00PM","Minggu","11/10/26","9:00PM","11/10/26","Soccer","Premiership","Motherwell","Celtic","Motherwell Vs Celtic | Spfl Premiership","[AU] beIN Sports Connect","https://ausportguide.com/event/live-football-premiership-motherwell-celtic/1605100"
"sun","Minggu","11/10/26","5:30AM","2:30AM","Minggu","11/10/26","4:30AM","11/10/26","Soccer","2. Bundesliga","Nurnberg","Wolfsburg","Nuremberg Vs Wolfsburg | Bundesliga 2","[AU] beIN Sports Connect","https://ausportguide.com/event/live-football-2-bundesliga-nurnberg-wolfsburg/1605670"
"sun","Minggu","11/10/26","10:30PM","7:30PM","Minggu","11/10/26","9:30PM","11/10/26","Soccer","2. Bundesliga","St. Pauli","Karlsruher","St. Pauli Vs Karlsruher | Bundesliga 2","[AU] beIN Sports Connect","https://ausportguide.com/event/live-football-2-bundesliga-stpauli-karlsruher/1605672"
"sun","Minggu","11/10/26","10:30PM","7:30PM","Minggu","11/10/26","9:30PM","11/10/26","Soccer","2. Bundesliga","Hertha Berlin","Greuther Furth","Hertha Vs Greuther Furth | Bundesliga 2","[AU] beIN Sports Connect","https://ausportguide.com/event/live-football-2-bundesliga-herthaberlin-greutherfurth/1605666"
"sun","Minggu","11/10/26","10:30PM","7:30PM","Minggu","11/10/26","9:30PM","11/10/26","Soccer","2. Bundesliga","Bochum","Arminia Bielefeld","Bochum Vs Arminia Bielefeld | Bundesliga 2","[AU] beIN Sports Connect","https://ausportguide.com/event/live-football-2-bundesliga-bochum-arminiabielefeld/1605658"
"sun","Minggu","11/10/26","1:00AM","10:00PM","Sabtu","10/10/26","12:00AM","11/10/26","Soccer","Championship","Bolton","Stoke City","Bolton Vs Stoke | Efl Championship","[AU] beIN Sports Connect | [AU] beIN SPORTS 3","https://ausportguide.com/event/live-football-championship-bolton-stokecity/1605236"
"sun","Minggu","11/10/26","10:00PM","7:00PM","Minggu","11/10/26","9:00PM","11/10/26","Soccer","Championship","Southampton","Portsmouth","Southampton Vs Portsmouth | Efl Championship","[AU] beIN Sports Connect | [AU] beIN SPORTS 3","https://ausportguide.com/event/live-football-championship-southampton-portsmouth/1605252"
"sun","Minggu","11/10/26","1:00AM","10:00PM","Sabtu","10/10/26","12:00AM","11/10/26","Soccer","National League","Worthing","Solihull","Worthing Vs. Solihull Moors | Watch Soccer Action As Solihull Moors Takes On Worthing - Enterprise National League","[AU] DAZN","https://ausportguide.com/event/live-football-national-league-worthingeng-solihull/1635329"
"sun","Minggu","11/10/26","1:00AM","10:00PM","Sabtu","10/10/26","12:00AM","11/10/26","Soccer","National League","Halifax","Gateshead","Fc Halifax Town Vs. Gateshead | Watch All The Action From The National League On Dazn. - Enterprise National League","[AU] DAZN","https://ausportguide.com/event/live-football-national-league-halifax-gateshead/1635324"
"sun","Minggu","11/10/26","1:00AM","10:00PM","Sabtu","10/10/26","12:00AM","11/10/26","Soccer","National League","Fylde","Scunthorpe","Fylde Vs. Scunthorpe | Watch All The Action From The National League On Dazn. - Enterprise National League","[AU] DAZN","https://ausportguide.com/event/live-football-national-league-fylde-scunthorpe/1635322"
"sun","Minggu","11/10/26","1:00AM","10:00PM","Sabtu","10/10/26","12:00AM","11/10/26","Soccer","National League","Tamworth","Barrow","Tamworth Vs. Barrow | Watch Soccer Action As Barrow Takes On Tamworth - Enterprise National League","[AU] DAZN","https://ausportguide.com/event/live-football-national-league-tamworth-barrow/1635326"
"sun","Minggu","11/10/26","1:00AM","10:00PM","Sabtu","10/10/26","12:00AM","11/10/26","Soccer","National League","Boston","Southend","Boston Vs. Southend | Watch All The Action From The National League On Dazn. - Enterprise National League","[AU] DAZN","https://ausportguide.com/event/live-football-national-league-boston-southend/1635323"
"sun","Minggu","11/10/26","1:00AM","10:00PM","Sabtu","10/10/26","12:00AM","11/10/26","Soccer","National League","Wealdstone","Yeovil","Wealdstone Vs. Yeovil | Watch Soccer Action As Wealdstone Takes On Yeovil Town - Enterprise National League","[AU] DAZN","https://ausportguide.com/event/live-football-national-league-wealdstone-yeovil/1635327"
"sun","Minggu","11/10/26","1:00AM","10:00PM","Sabtu","10/10/26","12:00AM","11/10/26","Soccer","National League","Woking","Harrogate","Woking Vs. Harrogate | Watch Soccer Action As Woking Takes On Harrogate Town - Enterprise National League","[AU] DAZN","https://ausportguide.com/event/live-football-national-league-woking-harrogate/1635328"
"sun","Minggu","11/10/26","1:00AM","10:00PM","Sabtu","10/10/26","12:00AM","11/10/26","Soccer","National League","Hornchurch","Eastleigh","Hornchurch Vs. Eastleigh | Watch All The Action From The National League On Dazn. - Enterprise National League","[AU] DAZN","https://ausportguide.com/event/live-football-national-league-hornchurch-eastleigh/1635325"
"sun","Minggu","11/10/26","3:30AM","12:30AM","Minggu","11/10/26","2:30AM","11/10/26","Soccer","National League","Forest Green","Hartlepool","Forest Green Vs. Hartlepool | Watch All The Action From The National League On Dazn. - Enterprise National League","[AU] DAZN","https://ausportguide.com/event/live-football-national-league-forestgreen-hartlepool/1635330"
"sun","Minggu","11/10/26","2:50PM","11:50AM","Minggu","11/10/26","1:50PM","11/10/26","Cricket","One Day International Women","Australia W","Bangladesh W","Australia Vs Bangladesh | Women's One-day International Cricket","[AU] 7TWO Sydney | [AU] 7TWO Melbourne | [AU] Kayo Sports","https://ausportguide.com/event/live-cricket-one-day-international-women-australiaw-bangladeshw/1581416"
"sun","Minggu","11/10/26","9:30AM","6:30AM","Minggu","11/10/26","8:30AM","11/10/26","Basketball","NBA","Toronto Raptors","Los Angeles Clippers","Toronto Raptors - Los Angeles Clippers, Nba","[AU] NBA League Pass","https://ausportguide.com/event/live-basketball-nba-torontoraptors-losangelesclippers/1664947"
"sun","Minggu","11/10/26","10:00AM","7:00AM","Minggu","11/10/26","9:00AM","11/10/26","Basketball","NBA","Indiana Pacers","Atlanta Hawks","Indiana Pacers - Atlanta Hawks, Nba","[AU] NBA League Pass","https://ausportguide.com/event/live-basketball-nba-indianapacers-atlantahawks/1664948"
"sun","Minggu","11/10/26","10:00AM","7:00AM","Minggu","11/10/26","9:00AM","11/10/26","Basketball","NBA","Washington Wizards","Detroit Pistons","Washington Wizards - Detroit Pistons, Nba","[AU] NBA League Pass","https://ausportguide.com/event/live-basketball-nba-washingtonwizards-detroitpistons/1664949"
"sun","Minggu","11/10/26","11:00AM","8:00AM","Minggu","11/10/26","10:00AM","11/10/26","Basketball","NBA","Boston Celtics","Philadelphia 76ers","Boston Celtics - Philadelphia 76ers, Nba","[AU] NBA League Pass","https://ausportguide.com/event/live-basketball-nba-bostonceltics-philadelphia76ers/1664950"
"sun","Minggu","11/10/26","11:00AM","8:00AM","Minggu","11/10/26","10:00AM","11/10/26","Basketball","NBA","Miami Heat","Minnesota Timberwolves","Miami Heat - Minnesota Timberwolves, Nba","[AU] NBA League Pass","https://ausportguide.com/event/live-basketball-nba-miamiheat-minnesotatimberwolves/1664951"
"sun","Minggu","11/10/26","11:30AM","8:30AM","Minggu","11/10/26","10:30AM","11/10/26","Basketball","NBA","Golden State Warriors","Sacramento Kings","Golden State Warriors - Sacramento Kings, Nba","[AU] NBA League Pass","https://ausportguide.com/event/live-basketball-nba-goldenstatewarriors-sacramentokings/1664952"
"sun","Minggu","11/10/26","1:30PM","10:30AM","Minggu","11/10/26","12:30PM","11/10/26","Basketball","NBA","Phoenix Suns","San Antonio Spurs","Phoenix Suns - San Antonio Spurs, Nba","[AU] NBA League Pass | [AU] ESPN2","https://ausportguide.com/event/live-basketball-nba-phoenixsuns-sanantoniospurs/1664953"
"sun","Minggu","11/10/26","4:00AM","1:00AM","Minggu","11/10/26","3:00AM","11/10/26","Basketball","SLB","Surrey 89ers","Liverpool","Surrey 89ers Vs. Liverpool | Watch The Latest Super League Basketball Action Between Surrey 89ers And Liverpool. - Super League Basketball","[AU] DAZN","https://ausportguide.com/event/live-basketball-bbl-surrey-89ersrpool/1656937"
"sun","Minggu","11/10/26","3:00AM","12:00AM","Minggu","11/10/26","2:00AM","11/10/26","Basketball","LNB","Nanterre","Gravelines-Dunkerque","Nanterre 92 Vs. Gravelines-dunkerque | Watch Basketball Action As Gravelines-dunkerque Takes On Nanterre 92 - Betclic élite","[AU] DAZN","https://ausportguide.com/event/live-basketball-lnb-nanterre-gravelines-dunkerque/1653785"
"sun","Minggu","11/10/26","3:00AM","12:00AM","Minggu","11/10/26","2:00AM","11/10/26","Basketball","LNB","Cholet","Pau-Orthez","Cholet Vs. Pau-lacq-orthez | Watch Basketball Action As Pau-lacq-orthez Takes On Cholet - Betclic élite","[AU] DAZN","https://ausportguide.com/event/live-basketball-lnb-cholet-pau-orthez/1653784"
"sun","Minggu","11/10/26","3:30AM","12:30AM","Minggu","11/10/26","2:30AM","11/10/26","Basketball","LNB","Élan Chalon","Nancy","élan Chalon Vs. Nancy | Watch Basketball Action As Nancy Takes On élan Chalon - Betclic élite","[AU] DAZN","https://ausportguide.com/event/live-basketball-lnb-chalon-saone-nancy/1653786"
"sun","Minggu","11/10/26","5:30AM","2:30AM","Minggu","11/10/26","4:30AM","11/10/26","Basketball","LNB","Boulazac","JL Bourg","Boulazac Vs. Bourg | Watch Basketball Action As Boulazac Takes On Bourg - Betclic élite","[AU] DAZN","https://ausportguide.com/event/live-basketball-lnb-boulazac-jlbourg/1653787"
"sun","Minggu","11/10/26","3:00PM","12:00PM","Minggu","11/10/26","2:00PM","11/10/26","Basketball","NBL","Sydney","Adelaide","Nbl | 36ers Vs. Sydney Kings","[AU] ESPN","https://ausportguide.com/event/live-basketball-au-nbl-sydney-adelaide/1643988"
"sun","Minggu","11/10/26","5:00PM","2:00PM","Minggu","11/10/26","4:00PM","11/10/26","Basketball","NBL","Illawarra Hawks","Cairns","Nbl | Cairns Taipans Vs. Hawks","[AU] ESPN | [AU] Kayo Sports","https://ausportguide.com/event/live-basketball-au-nbl-illawarrahawks-cairns/1643990"
"sun","Minggu","11/10/26","3:00AM","12:00AM","Minggu","11/10/26","2:00AM","11/10/26","Basketball","ACB","Leyma Coruna","Tecnyconta Zaragoza","Coruña Vs. Zaragoza | Watch Basketball Action As Zaragoza Takes On Coruña - Liga Acb","[AU] DAZN","https://ausportguide.com/event/live-basketball-acb-leymacoruna-tecnycontazaragoza/1653971"
"sun","Minggu","11/10/26","4:30AM","1:30AM","Minggu","11/10/26","3:30AM","11/10/26","Basketball","ACB","Unicaja","MoraBanc Andorra","Malaga Vs. Andorra | Watch Basketball Action As Malaga Takes On Andorra - Liga Acb","[AU] DAZN","https://ausportguide.com/event/live-basketball-acb-unicaja-morabancandorra/1653972"
"sun","Minggu","11/10/26","6:00AM","3:00AM","Minggu","11/10/26","5:00AM","11/10/26","Basketball","ACB","Breogan","Basquet Girona","Breogán Vs. Girona | Watch Basketball Action As Breogán Takes On Girona - Liga Acb","[AU] DAZN","https://ausportguide.com/event/live-basketball-acb-breogan-basquetgirona/1653973"
"sun","Minggu","11/10/26","9:00PM","6:00PM","Minggu","11/10/26","8:00PM","11/10/26","Basketball","ACB","Real Madrid","Manresa","Real Madrid Vs. Manresa | Watch Basketball Action As Real Madrid Takes On Manresa - Liga Acb","[AU] DAZN","https://ausportguide.com/event/live-basketball-acb-realmadrid-manresa/1653975"
"sun","Minggu","11/10/26","9:00PM","6:00PM","Minggu","11/10/26","8:00PM","11/10/26","Basketball","ACB","Obradoiro CAB","Forca Lleida","Obradoiro Vs. Força Lleida | Watch Basketball Action As Obradoiro Takes On Força Lleida - Liga Acb","[AU] DAZN","https://ausportguide.com/event/live-basketball-acb-obradoirocab-forcalleidaesp/1653974"
"sun","Minggu","11/10/26","9:30PM","6:30PM","Minggu","11/10/26","8:30PM","11/10/26","Basketball","ACB","Murcia","Tenerife","Ucam Murcia Vs. Tenerife | Watch Basketball Action As Ucam Murcia Takes On Tenerife - Liga Acb","[AU] DAZN","https://ausportguide.com/event/live-basketball-acb-murcia-tenerife/1653976"
"sun","Minggu","11/10/26","1:05AM","10:05PM","Sabtu","10/10/26","12:05AM","11/10/26","Rugby Union","Aviva Premiership Rugby","Northampton Saints","Bath","Northampton V Bath - Prem Rugby Round 3 2026/27","[AU] Stan Sport","https://ausportguide.com/event/live-rugby-union-aviva-premiership-rugby-northamptonsaints-bath/1646422"
"sun","Minggu","11/10/26","3:30AM","12:30AM","Minggu","11/10/26","2:30AM","11/10/26","Rugby Union","Aviva Premiership Rugby","Saracens","Bristol","Saracens V Bristol - Prem Rugby Round 3 2026/27","[AU] Stan Sport","https://ausportguide.com/event/live-rugby-union-aviva-premiership-rugby-saracens-bristol/1646423"
"sun","Minggu","11/10/26","12:00AM","9:00PM","Sabtu","10/10/26","11:00PM","10/10/26","Motorsport","GT Masters","Hockenheimring Race 1","","GT Masters","[AU] beIN Sports Connect | [AU] DAZN","https://ausportguide.com/motorsport/gt-masters"
"sun","Minggu","11/10/26","11:30PM","8:30PM","Minggu","11/10/26","10:30PM","11/10/26","Motorsport","GT Masters","Hockenheimring Race 2","","GT Masters","[AU] beIN Sports Connect | [AU] DAZN","https://ausportguide.com/motorsport/gt-masters"
"sun","Minggu","11/10/26","2:20AM","11:20PM","Sabtu","10/10/26","1:20AM","11/10/26","Motorsport","GT4 Germany","Hockenheimring Race 2","","GT4 Germany","[AU] beIN Sports Connect | [AU] DAZN","https://ausportguide.com/motorsport/gt4-germany"
"sun","Minggu","11/10/26","7:55PM","4:55PM","Minggu","11/10/26","6:55PM","11/10/26","Motorsport","GT4 Germany","Hockenheimring Race 3","","GT4 Germany","[AU] beIN Sports Connect | [AU] DAZN","https://ausportguide.com/motorsport/gt4-germany"
"sun","Minggu","11/10/26","7:00AM","4:00AM","Minggu","11/10/26","6:00AM","11/10/26","Motorsport","Supercars","Bathurst 1000 - Day 3 Supports and Warm Up","","Supercars Championship","[AU] Channel 7 Sydney | [AU] Channel 7 Melbourne | [AU] Youtube",""
"sun","Minggu","11/10/26","10:00AM","7:00AM","Minggu","11/10/26","9:00AM","11/10/26","Motorsport","Supercars","Bathurst 1000: Day 3","","Supercars Championship","[AU] Channel 7 Sydney | [AU] Channel 7 Melbourne | [AU] Channel 7 Brisbane",""
"sun","Minggu","11/10/26","1:30AM","10:30PM","Sabtu","10/10/26","12:30AM","11/10/26","Motorsport","Italian Formula 4","2026 Formula 4 | Full Race LIVE - Rd 10 Brands Hatch | ITV Sport","","Italian Formula 4","[AU] Youtube","https://ausportguide.com/motorsport/formula-4"
"sun","Minggu","11/10/26","5:20PM","2:20PM","Minggu","11/10/26","4:20PM","11/10/26","Motorsport","Italian Formula 4","Euro 4 Monza Race 2","","Formula 4","[AU] beIN Sports Connect | [AU] DAZN","https://ausportguide.com/motorsport/formula-4"
"sun","Minggu","11/10/26","10:30PM","7:30PM","Minggu","11/10/26","9:30PM","11/10/26","Motorsport","Italian Formula 4","Euro 4 Monza Race 3","","Formula 4","[AU] beIN Sports Connect | [AU] DAZN","https://ausportguide.com/motorsport/formula-4"
"sun","Minggu","11/10/26","6:30PM","3:30PM","Minggu","11/10/26","5:30PM","11/10/26","Motorsport","DTM","Hockenheimring Qualifying Race 2","","DTM","[AU] beIN Sports Connect","https://ausportguide.com/motorsport/dtm"
"sun","Minggu","11/10/26","12:00AM","9:00PM","Sabtu","10/10/26","11:00PM","10/10/26","Motorsport","BTCC","2026 BTCC | Rd 28, 29, 30 - Brands Hatch Qualifying | ITV Sport","","BTCC","[AU] Youtube","https://ausportguide.com/motorsport/btcc"
"sun","Minggu","11/10/26","10:00PM","7:00PM","Minggu","11/10/26","9:00PM","11/10/26","Golf","Open de España","Spanish Open Final Round","","Final round action of the Spanish Open from Club de Campo Villa de Madrid.","[AU] Kayo Sports","https://ausportguide.com/league/golf/spain/open-de-españa"
"sun","Minggu","11/10/26","11:00AM","8:00AM","Minggu","11/10/26","10:00AM","11/10/26","MMA","UFC Fight Night","Francisco Prado","Ismael Bonfim","Ufc Fight Night: Allen Vs Duncan Prelims","[AU] UFC Fight Pass","https://ausportguide.com/event/live-mma-ufc-fight-night/1670239"
"sun","Minggu","11/10/26","11:00AM","8:00AM","Minggu","11/10/26","10:00AM","11/10/26","MMA","UFC Fight Night","Brendan Allen","Christian Leroy Duncan","Ufc Fight Night: Allen Vs Duncan","[AU] UFC Fight Pass","https://ausportguide.com/event/live-mma-ufc-fight-night/1670235"
"sun","Minggu","11/10/26","5:00AM","2:00AM","Minggu","11/10/26","4:00AM","11/10/26","MMA","Professional Fighters League","Semi Final: PFL Africa 2026","","Professional Fighters League","[AU] Stan Sport","https://ausportguide.com/league/mma/world/professional-fighters-league"
"sun","Minggu","11/10/26","8:00AM","5:00AM","Minggu","11/10/26","7:00AM","11/10/26","Baseball","MLB","MLB: Cleveland Guardians vs. Whit","","Cleveland Guardians vs. White Sox","[AU] ESPN","https://ausportguide.com/league/baseball/usa/mlb"
"sun","Minggu","11/10/26","11:00AM","8:00AM","Minggu","11/10/26","10:00AM","11/10/26","Baseball","MLB","2026 MLB Playoffs: Rays vs. Yanke","","Rays vs. Yankees","[AU] ESPN","https://ausportguide.com/league/baseball/usa/mlb"
"sun","Minggu","11/10/26","7:00AM","4:00AM","Minggu","11/10/26","6:00AM","11/10/26","American Football","NCAA FBS","UCLA","Oregon","Ucla @ Oregon | Watch American Football Action As Oregon Takes On Ucla - Ncaa Football","[AU] DAZN","https://ausportguide.com/event/live-am-football-ncaa-ucla-oregon/1666742"
"sun","Minggu","11/10/26","7:00AM","4:00AM","Minggu","11/10/26","6:00AM","11/10/26","American Football","NCAA FBS","Houston","Kansas State","Houston @ Kansas State | Watch American Football Action As Kansas State Takes On Houston - Ncaa Football","[AU] DAZN","https://ausportguide.com/event/live-am-football-ncaa-houston-kansasstate/1666712"
"sun","Minggu","11/10/26","10:00AM","7:00AM","Minggu","11/10/26","9:00AM","11/10/26","American Football","NCAA FBS","North Dakota State","UNLV Rebels","Usc @ Penn State | Watch American Football Action As Penn State Takes On Usc - Ncaa Football","[AU] DAZN","https://ausportguide.com/event/live-am-football-ncaa-northdakotastate-unlvrebels/1666770"
"sun","Minggu","11/10/26","1:30PM","10:30AM","Minggu","11/10/26","12:30PM","11/10/26","American Football","NCAA FBS","Boise State","Fresno State","Hawaii @ Arizona State | Watch American Football Action As Hawaii Takes On Arizona State - Ncaa Football","[AU] DAZN","https://ausportguide.com/event/live-am-football-ncaa-boisestate-fresnostate/1666774"
"sun","Minggu","11/10/26","4:00AM","1:00AM","Minggu","11/10/26","3:00AM","11/10/26","American Football","NCAA FCS","Indiana State","Youngstown State","Indiana @ Nebraska | Watch American Football Action As Nebraska Takes On Indiana - Ncaa Football","[AU] DAZN","https://ausportguide.com/event/live-am-football-ncaa-fcs-indianastate-youngstownstate/1632286"
"sun","Minggu","11/10/26","5:00AM","2:00AM","Minggu","11/10/26","4:00AM","11/10/26","Boxing","Copper Box Arena | Queen Elizabeth Olympic Park, Middlesex (Misfits Boxing)","Joey Essex","Daniel O'Reilly","Joey Essex Vs. Dapper Laughs | British Reality Tv Star Joey Essex Returns For His Second Fight Under The Misfits Banner, Headlining A Stacked Card Inside Londons Copper Box Arena Against Comedian Dapper Laughs In A Scintillating Domestic Crossover Clash. - Misfits Boxing","[AU] DAZN","https://ausportguide.com/event/live-boxing-light-weight-joey-essex-daniel-o-039-reilly/1670221"
"tue","Selasa","06/10/26","5:45AM","2:45AM","Selasa","06/10/26","4:45AM","06/10/26","Soccer","UEFA Nations League A","France","Belgium","France Vs Belgium | The Uefa Nations League 2026/27 Is The Fifth Edition Of The European International Football Competition. It Features 54 National Teams Divided Into Four Leagues. The League Phase Takes Place In The Fall Of 2026, With The Title Decided At The Nations League Finals In June 2027the Uefa Nations League 2026/27 Is The Fifth Edition Of The European International Football Competition. It Features 54 National Teams Divided Into Four Leagues. The League Phase Takes Place In The Fall Of 2026, With The Title Decided At The Nations League Finals In June 2027","[AU] beIN SPORTS 2 | [AU] beIN Sports Connect",""
"tue","Selasa","06/10/26","5:45AM","2:45AM","Selasa","06/10/26","4:45AM","06/10/26","Soccer","UEFA Nations League A","Italy","Turkey","Italy Vs Turkiye | The Uefa Nations League 2026/27 Is The Fifth Edition Of The European International Football Competition. It Features 54 National Teams Divided Into Four Leagues. The League Phase Takes Place In The Fall Of 2026, With The Title Decided At The Nations League Finals In June 2027the Uefa Nations League 2026/27 Is The Fifth Edition Of The European International Football Competition. It Features 54 National Teams Divided Into Four Leagues. The League Phase Takes Place In The Fall Of 2026, With The Title Decided At The Nations League Finals In June 2027","[AU] beIN SPORTS 3 | [AU] beIN Sports Connect",""
"tue","Selasa","06/10/26","5:45AM","2:45AM","Selasa","06/10/26","4:45AM","06/10/26","Soccer","UEFA Nations League B","Bosnia & Herzegovina","Poland","Bosnia & Herzegovina Vs Poland | The Uefa Nations League 2026/27 Is The Fifth Edition Of The European International Football Competition. It Features 54 National Teams Divided Into Four Leagues. The League Phase Takes Place In The Fall Of 2026, With The Title Decided At The Nations League Finals In June 2027the Uefa Nations League 2026/27 Is The Fifth Edition Of The European International Football Competition. It Features 54 National Teams Divided Into Four Leagues. The League Phase Takes Place In The Fall Of 2026, With The Title Decided At The Nations League Finals In June 2027","[AU] beIN SPORTS 1 | [AU] beIN Sports Connect",""
"tue","Selasa","06/10/26","5:45AM","2:45AM","Selasa","06/10/26","4:45AM","06/10/26","Soccer","UEFA Nations League B","Northern Ireland","Georgia","Northern Ireland Vs Georgia | Uefa Nations League","[AU] beIN Sports Connect",""
"tue","Selasa","06/10/26","5:45AM","2:45AM","Selasa","06/10/26","4:45AM","06/10/26","Soccer","UEFA Nations League B","Romania","Sweden","Romania Vs Sweden | Uefa Nations League","[AU] beIN Sports Connect",""
"tue","Selasa","06/10/26","5:45AM","2:45AM","Selasa","06/10/26","4:45AM","06/10/26","Soccer","UEFA Nations League B","Ukraine","Hungary","Ukraine Vs Hungary | Uefa Nations League","[AU] beIN Sports Connect | [AU] Youtube",""
"tue","Selasa","06/10/26","3:00AM","12:00AM","Selasa","06/10/26","2:00AM","06/10/26","Soccer","UEFA Nations League C","Cyprus","Latvia","Cyprus Vs Latvia | The Uefa Nations League 2026/27 Is The Fifth Edition Of The European International Football Competition. It Features 54 National Teams Divided Into Four Leagues. The League Phase Takes Place In The Fall Of 2026, With The Title Decided At The Nations League Finals In June 2027the Uefa Nations League 2026/27 Is The Fifth Edition Of The European International Football Competition. It Features 54 National Teams Divided Into Four Leagues. The League Phase Takes Place In The Fall Of 2026, With The Title Decided At The Nations League Finals In June 2027","[AU] beIN SPORTS 3 | [AU] beIN Sports Connect",""
"tue","Selasa","06/10/26","5:45AM","2:45AM","Selasa","06/10/26","4:45AM","06/10/26","Soccer","UEFA Nations League C","Montenegro","Armenia","Montenegro Vs Armenia | Uefa Nations League","[AU] beIN Sports Connect",""
"tue","Selasa","06/10/26","5:45AM","2:45AM","Selasa","06/10/26","4:45AM","06/10/26","Soccer","Friendly International","Liechtenstein","Gibraltar","Liechtenstein Vs Gibraltar | Uefa Nations League Friendly","[AU] beIN Sports Connect",""
"tue","Selasa","06/10/26","10:00AM","7:00AM","Selasa","06/10/26","9:00AM","06/10/26","Basketball","NBA","Atlanta Hawks","Memphis Grizzlies","Atlanta Hawks - Memphis Grizzlies, Nba","[AU] NBA League Pass",""
"tue","Selasa","06/10/26","10:00AM","7:00AM","Selasa","06/10/26","9:00AM","06/10/26","Basketball","NBA","Detroit Pistons","Phoenix Suns","Detroit Pistons - Phoenix Suns, Nba","[AU] NBA League Pass",""
"tue","Selasa","06/10/26","10:00AM","7:00AM","Selasa","06/10/26","9:00AM","06/10/26","Basketball","NBA","Philadelphia 76ers","New York Knicks","Philadelphia 76ers - New York Knicks, Nba","[AU] NBA League Pass",""
"tue","Selasa","06/10/26","11:00AM","8:00AM","Selasa","06/10/26","10:00AM","06/10/26","Basketball","NBA","Milwaukee Bucks","Minnesota Timberwolves","Milwaukee Bucks - Minnesota Timberwolves, Nba","[AU] NBA League Pass",""
"tue","Selasa","06/10/26","1:00PM","10:00AM","Selasa","06/10/26","12:00PM","06/10/26","Basketball","NBA","Sacramento Kings","Los Angeles Lakers","Sacramento Kings - Los Angeles Lakers, Nba","[AU] NBA League Pass",""
"tue","Selasa","06/10/26","8:00PM","5:00PM","Selasa","06/10/26","7:00PM","06/10/26","Tennis","ATP Tokyo","Tokyo Final","","ATP 500","",""
"tue","Selasa","06/10/26","4:00AM","1:00AM","Selasa","06/10/26","3:00AM","06/10/26","MMA","UAE Warriors","Romario Jaguar","Aaron McDonald","Uae Warriors 73","[AU] UFC Fight Pass",""
"tue","Selasa","06/10/26","11:15AM","8:15AM","Selasa","06/10/26","10:15AM","06/10/26","American Football","NFL","New Orleans Saints","Atlanta Falcons","Saints V Falcons | Bijan Robinson Has Inspired Atlanta To A 2-1 Start. The Falcons Superstar Running Back Looks To Don His Cape Again On The Road Against New Orleans.","[AU] Kayo Sports | [AU] DAZN",""
